Date,Open,High,Low,Close,Adj Close,Volume
25-05-2018,114.699997,116.75,113.650002,116.050003,114.260384,3285072
28-05-2018,116.849998,118.699997,115.099998,117.900002,116.081856,4786444
29-05-2018,117.900002,122,117.25,120.699997,118.838669,5809268
30-05-2018,121.5,124.199997,120.199997,121.25,119.380196,5378953
31-05-2018,121.099998,122.75,119.099998,120.5,118.641762,4020451
01-06-2018,119,119.150002,116.599998,118.550003,116.721832,2442273
04-06-2018,119,123.150002,119,121.949997,120.069397,5011125
05-06-2018,123.150002,125.400002,121.349998,124.300003,122.383163,5464668
06-06-2018,123.5,127.400002,120.5,126.449997,124.5,7644545
07-06-2018,125.400002,127.650002,124.25,126.949997,126.949997,6246242
08-06-2018,124,130,123.699997,128.199997,128.199997,8185372
11-06-2018,128.800003,129.75,125.050003,125.699997,125.699997,5040581
12-06-2018,126.5,128.199997,122.800003,124.550003,124.550003,5137671
13-06-2018,124.5,126.75,124.050003,126.300003,126.300003,4141895
14-06-2018,120.800003,123.5,115.75,122.050003,122.050003,11702148
15-06-2018,123,125.900002,121.75,125.199997,125.199997,5315516
18-06-2018,126.5,128.199997,124.300003,127.550003,127.550003,4815492
19-06-2018,128.199997,129.699997,127.599998,128.050003,128.050003,2779090
20-06-2018,129.5,130,127.849998,128.300003,128.300003,2791669
21-06-2018,129.300003,133.449997,128.100006,131.75,131.75,6133367
22-06-2018,134.199997,137.399994,133.149994,134.899994,134.899994,6044444
25-06-2018,135.5,138.300003,133.550003,134.550003,134.550003,4678803
26-06-2018,134.800003,136.949997,132.300003,132.850006,132.850006,3369901
27-06-2018,133.350006,133.699997,127.199997,129.699997,129.699997,7054783
28-06-2018,133.050003,135.649994,131.5,135.199997,135.199997,4936739
29-06-2018,135.850006,139.5,134.800003,137.850006,137.850006,9699727
02-07-2018,139,139,133.699997,134.800003,134.800003,5249209
03-07-2018,134.75,142.699997,134,140.850006,140.850006,10366973
04-07-2018,141.449997,143,138.800003,139.949997,139.949997,7484304
05-07-2018,140.699997,143.75,137.850006,138.399994,138.399994,6072723
06-07-2018,138.5,140.899994,135.449997,137.149994,137.149994,9267730
09-07-2018,137.600006,138.399994,136.100006,136.649994,136.649994,3828731
10-07-2018,136.75,137.449997,130.199997,130.949997,130.949997,4981602
11-07-2018,130,130,125.699997,126.449997,126.449997,8243043
12-07-2018,126.699997,132.75,125.650002,131.399994,131.399994,10057362
13-07-2018,131.800003,134.600006,128.899994,129.699997,129.699997,5463981
16-07-2018,130,132.5,129,130.699997,130.699997,4825636
17-07-2018,131,132.300003,127.099998,129,129,7597882
18-07-2018,129.050003,130.199997,126.099998,127.400002,127.400002,4116416
19-07-2018,128.75,129.149994,123.699997,125,125,4451566
20-07-2018,125.300003,127.449997,124,125.5,125.5,4540522
23-07-2018,125.300003,130.100006,124.400002,127.449997,127.449997,8410047
24-07-2018,129.149994,133,127.5,132.399994,132.399994,8504613
25-07-2018,134.050003,137.75,133.5,137.100006,137.100006,7317459
26-07-2018,133.100006,134,127.099998,128.350006,128.350006,12610030
27-07-2018,127.150002,131.5,127.150002,129.449997,129.449997,6422209
30-07-2018,129.649994,129.899994,124.900002,126.099998,126.099998,5196006
31-07-2018,126.349998,126.550003,122.400002,123.800003,123.800003,4436207
01-08-2018,124,131.25,122.550003,129.350006,129.350006,8465800
02-08-2018,130,130.550003,127.5,129.949997,129.949997,3874784
03-08-2018,130.399994,133.649994,129.600006,132.100006,132.100006,5289644
06-08-2018,133.199997,134.75,132.100006,133.449997,133.449997,3786212
07-08-2018,134.800003,136.350006,133.199997,135.850006,135.850006,4929282
08-08-2018,135.75,136.649994,132.5,133.600006,133.600006,3453206
09-08-2018,133.699997,135.850006,132.050003,135.5,135.5,4188128
10-08-2018,135.600006,136.800003,134.149994,136.199997,136.199997,3550061
13-08-2018,136.949997,137.350006,133.649994,134.100006,134.100006,2777826
14-08-2018,134.350006,135.149994,132.199997,134,134,3586164
16-08-2018,133.899994,134.899994,132.300003,134.350006,134.350006,2689494
17-08-2018,135.100006,142.949997,134.699997,141.449997,141.449997,6299917
20-08-2018,142,144.5,140.5,141.699997,141.699997,6284081
21-08-2018,140.949997,142.399994,135.600006,137.5,137.5,3435993
23-08-2018,136.800003,140.5,136.75,140,140,3234020
24-08-2018,142.100006,146.600006,141.600006,145.699997,145.699997,5844510
27-08-2018,147.199997,154.199997,146.300003,150.75,150.75,10445879
28-08-2018,151.199997,153.800003,148.25,152.100006,152.100006,4452546
29-08-2018,151.100006,152.149994,148.350006,149.300003,149.300003,4760285
30-08-2018,146.399994,146.899994,139.600006,141.050003,141.050003,4757118
31-08-2018,139.800003,145.199997,139.5,144.649994,144.649994,5602441
03-09-2018,145.300003,145.899994,141.399994,143.449997,143.449997,3415822
04-09-2018,145.25,147.449997,140.25,140.800003,140.800003,7166925
05-09-2018,142.050003,143.100006,141,141.75,141.75,2920926
06-09-2018,142.649994,143.199997,141,141.550003,141.550003,2585398
07-09-2018,142,143.699997,141.050003,141.5,141.5,3035316
10-09-2018,145,146.25,142.600006,145.800003,145.800003,4549769
11-09-2018,146,148,144.100006,145.199997,145.199997,4524412
12-09-2018,145,145,140.75,141.300003,141.300003,4276948
14-09-2018,142.649994,142.850006,139.199997,141.550003,141.550003,3455224
17-09-2018,141,147.399994,140.800003,146,146,4109456
18-09-2018,147.350006,148.100006,132.449997,135.399994,135.399994,7010722
19-09-2018,135,139,133.800003,137.350006,137.350006,4217197
21-09-2018,139,143.800003,138.800003,143.199997,143.199997,4112055
24-09-2018,144,155,142.5,152.199997,152.199997,12915444
25-09-2018,153,154.899994,150.399994,152.350006,152.350006,7385189
26-09-2018,153.399994,154.449997,147.25,149.399994,149.399994,4288776
27-09-2018,149.899994,150.550003,147.399994,149.100006,149.100006,3385978
28-09-2018,150.199997,151,144.800003,145.649994,145.649994,3728631
01-10-2018,144,144.199997,140.75,142.25,142.25,7498766
03-10-2018,143.550003,144.399994,140.149994,141.25,141.25,3230470
04-10-2018,141.899994,142.699997,136.100006,137.300003,137.300003,4779048
05-10-2018,138.5,143.699997,138.199997,143.199997,143.199997,3708398
08-10-2018,144,144.199997,140.449997,142.75,142.75,3195646
09-10-2018,143.25,149.300003,143,147.850006,147.850006,5526031
10-10-2018,147.5,148,144.399994,146.949997,146.949997,3224297
11-10-2018,147.100006,150.850006,147.100006,148,148,4283625
12-10-2018,147,149.300003,147,147.75,147.75,2744146
15-10-2018,147,149.649994,142.800003,144.649994,144.649994,3228567
16-10-2018,143.949997,145.449997,141.5,143.850006,143.850006,2633065
17-10-2018,144.449997,148,143.75,147.649994,147.649994,3860131
19-10-2018,147,147.699997,143.699997,144.199997,144.199997,2336674
22-10-2018,142.25,142.75,138.300003,139.050003,139.050003,3525327
23-10-2018,138.199997,140.5,136.100006,137.050003,137.050003,4522777
24-10-2018,138,138.300003,132.300003,133.949997,133.949997,6460119
25-10-2018,135.800003,137,131.600006,132.850006,132.850006,6212822
26-10-2018,132.550003,133.300003,128.5,129.550003,129.550003,5101370
29-10-2018,119.099998,130.899994,116,128.699997,128.699997,10105589
30-10-2018,134,145.399994,132.5,143.050003,143.050003,12454663
31-10-2018,143,154.449997,140.600006,143.899994,143.899994,17837062
01-11-2018,145.5,149.899994,142.550003,147.800003,147.800003,9838960
02-11-2018,151,152,146.25,147.850006,147.850006,7363461
05-11-2018,147.850006,151,147.100006,149.399994,149.399994,4976955
06-11-2018,150.949997,158,148.850006,157.100006,157.100006,10697831
07-11-2018,158,159.600006,147.5,148.75,148.75,8355799
09-11-2018,150,152.600006,146.199997,151.050003,151.050003,5293008
12-11-2018,151.850006,152.399994,146.550003,149.100006,149.100006,5028422
13-11-2018,147.75,152.350006,146.300003,151.5,151.5,5034549
14-11-2018,151.550003,154.699997,151.149994,153.050003,153.050003,3755179
15-11-2018,150.600006,155.300003,148.050003,150.050003,150.050003,4409902
16-11-2018,150.350006,153.199997,148,149.25,149.25,2733689
19-11-2018,150.699997,152.350006,147.550003,151.949997,151.949997,5256015
20-11-2018,152.199997,153,146.300003,147.699997,147.699997,3933605
21-11-2018,147,147.050003,140.75,141.899994,141.899994,10182446
22-11-2018,140.949997,145.25,140.199997,144.600006,144.600006,3600515
26-11-2018,145.300003,145.899994,142.899994,143.199997,143.199997,2699178
27-11-2018,143.949997,145,138.550003,141.300003,141.300003,4190138
28-11-2018,143.699997,143.800003,141.100006,141.699997,141.699997,2420166
29-11-2018,142.5,145.100006,141.699997,144.25,144.25,3039033
30-11-2018,143.899994,144.850006,140.649994,141.600006,141.600006,2524234
03-12-2018,141.850006,142.899994,140.300003,142.399994,142.399994,2349439
04-12-2018,143,143,139.199997,139.649994,139.649994,1961530
05-12-2018,137.949997,141.199997,136.199997,139.050003,139.050003,2787159
06-12-2018,141,141,136.800003,137.149994,137.149994,1987735
07-12-2018,136.100006,136.550003,133.199997,133.550003,133.550003,2650842
10-12-2018,132.149994,134.100006,128.5,129.350006,129.350006,3766220
11-12-2018,130.149994,130.949997,127.5,128.100006,128.100006,3408851
12-12-2018,126.550003,127.199997,125.449997,126.25,126.25,2433783
13-12-2018,126,128,125.400002,126.550003,126.550003,2500333
14-12-2018,125.949997,125.949997,121.199997,121.800003,121.800003,2216753
17-12-2018,122,125,119.800003,124,124,2768606
18-12-2018,124.300003,126.449997,123.599998,124.150002,124.150002,2229100
19-12-2018,123.300003,124.699997,121.300003,121.949997,121.949997,2479869
20-12-2018,121.949997,125.400002,121.650002,123.099998,123.099998,3209572
21-12-2018,124.5,126.5,121.650002,125.550003,125.550003,3427697
24-12-2018,125,126.900002,123.599998,126.25,126.25,3067265
26-12-2018,126.400002,127.199997,124.349998,125.550003,125.550003,2202598
27-12-2018,127,128.5,126.099998,127.900002,127.900002,2837972
28-12-2018,128.600006,130.800003,128.050003,129.149994,129.149994,3301515
31-12-2018,129.949997,130,127.150002,127.650002,127.650002,2543447
01-01-2019,128.5,132.199997,126.900002,131.25,131.25,2941207
02-01-2019,131.899994,143.850006,131.050003,140.199997,140.199997,9087334
03-01-2019,139.850006,140.199997,135.800003,136.399994,136.399994,4274500
04-01-2019,137.300003,139.899994,135.050003,138.699997,138.699997,3792777
07-01-2019,138.100006,140.449997,136.550003,137.699997,137.699997,2982923
08-01-2019,138.600006,140.350006,137.199997,138.5,138.5,3977619
09-01-2019,138.699997,140.199997,138.149994,138.949997,138.949997,2260205
10-01-2019,138.800003,141.899994,138,140.100006,140.100006,3659192
11-01-2019,139,141.149994,135.149994,135.699997,135.699997,2810197
14-01-2019,135.199997,138.800003,131.600006,137.949997,137.949997,2656279
15-01-2019,138.5,139.399994,137.199997,138.850006,138.850006,2225296
16-01-2019,139.800003,144.300003,138.399994,142.100006,142.100006,3864730
17-01-2019,142.100006,145.850006,141.199997,143.050003,143.050003,3639299
18-01-2019,142.350006,152.5,141.75,148.449997,148.449997,7000407
21-01-2019,148,148,142.800003,144.199997,144.199997,2759245
22-01-2019,144.899994,153,143.25,151.899994,151.899994,7953417
23-01-2019,150.600006,153.449997,146.399994,151.600006,151.600006,6780058
24-01-2019,151.699997,169.100006,151.050003,167.300003,167.300003,14969300
25-01-2019,168.5,172.5,166.300003,167.899994,167.899994,9057071
28-01-2019,167.300003,170.800003,164,168.350006,168.350006,5724353
29-01-2019,169.699997,169.699997,164.5,166.550003,166.550003,6245171
30-01-2019,161.949997,163,152.199997,153.899994,153.899994,20881408
31-01-2019,153.5,155.75,148.600006,150.199997,150.199997,6777579
01-02-2019,151,151.600006,145,146.050003,146.050003,5339783
04-02-2019,146.199997,148,142.800003,145.149994,145.149994,4431777
05-02-2019,145.25,146.550003,140.649994,141.449997,141.449997,5052690
06-02-2019,143,143.5,140.300003,141.649994,141.649994,3832761
07-02-2019,142.300003,144.5,141.100006,141.649994,141.649994,3186235
08-02-2019,141.399994,142.699997,140.5,141.600006,141.600006,3873866
11-02-2019,142.300003,147.350006,142,145.149994,145.149994,6067332
12-02-2019,146.899994,149.449997,146,147.149994,147.149994,5243714
14-02-2019,147.699997,148,143.899994,144.25,144.25,3763386
15-02-2019,144,147.399994,142.100006,144.949997,144.949997,3684850
18-02-2019,145.699997,147.800003,144.850006,146.899994,146.899994,3190140
19-02-2019,147.149994,151.050003,147.149994,148.75,148.75,3702108
20-02-2019,150,150.199997,145.25,145.949997,145.949997,2615693
21-02-2019,145.800003,146.399994,143.25,144.449997,144.449997,1994132
22-02-2019,145,147.649994,144.800003,147.25,147.25,2224629
25-02-2019,147.300003,149,146.550003,148.600006,148.600006,2230589
26-02-2019,148.100006,149.850006,145.600006,146.699997,146.699997,3100200
27-02-2019,145.699997,147.399994,145.350006,146.100006,146.100006,2181507
28-02-2019,147,147.75,144.100006,145.75,145.75,2227819
01-03-2019,150.100006,150.699997,147.850006,150,150,3271929
05-03-2019,150,153.800003,148.350006,150.850006,150.850006,5110801
06-03-2019,152.5,156.899994,151.199997,155.899994,155.899994,4578444
07-03-2019,157.350006,157.75,152.600006,153.850006,153.850006,2936724
08-03-2019,153.399994,158.5,152,157.800003,157.800003,3232504
11-03-2019,158,158.899994,151.800003,152.550003,152.550003,3822345
12-03-2019,150.949997,151.550003,147,147.5,147.5,3464092
13-03-2019,148.5,150.550003,147,149.5,149.5,2694980
14-03-2019,151,156.5,151,154.550003,154.550003,7246206
15-03-2019,154.850006,156.949997,153.399994,155.300003,155.300003,3016663
18-03-2019,156.449997,157.350006,154.449997,155.75,155.75,2754901
19-03-2019,156.100006,158.25,154.449997,156.050003,156.050003,4505123
20-03-2019,156.25,157.75,154.5,155.100006,155.100006,3829066
22-03-2019,155.350006,158.5,154.300003,155.899994,155.899994,4162952
25-03-2019,156.699997,157.050003,154.550003,155.25,155.25,1619010
26-03-2019,155.5,159.899994,154.649994,157.850006,157.850006,3537675
27-03-2019,157.300003,158.449997,153.550003,154.899994,154.899994,4425600
28-03-2019,153.949997,155.399994,151.149994,151.800003,151.800003,3076951
01-04-2019,151.199997,156.199997,151.199997,155.5,155.5,2758424
02-04-2019,155.75,159.600006,154.550003,159.050003,159.050003,4972531
03-04-2019,159.25,160.550003,155.5,156.649994,156.649994,3682002
04-04-2019,156.25,159.199997,154.600006,155.100006,155.100006,2755310
05-04-2019,156,156.350006,153.100006,153.899994,153.899994,1769174
08-04-2019,154.5,158.550003,152.149994,152.850006,152.850006,3163203
09-04-2019,151,152.5,147.800003,150.25,150.25,3817842
10-04-2019,151.699997,155.800003,150.199997,154.75,154.75,3535316
11-04-2019,155.449997,158.5,154.600006,157.050003,157.050003,4255816
12-04-2019,157,160.949997,156.5,159.5,159.5,4096765
15-04-2019,160.949997,164.149994,159.350006,163,163,4338321
16-04-2019,163.800003,165.699997,157.949997,161.550003,161.550003,3339734
18-04-2019,162.399994,162.800003,158.899994,159.699997,159.699997,3293031
22-04-2019,161,173,160.550003,171.399994,171.399994,10939984
23-04-2019,171.399994,174.899994,168.550003,170.399994,170.399994,4413851
24-04-2019,170.399994,182.75,168.75,178.5,178.5,10891716
25-04-2019,181.300003,192.25,180.899994,190.5,190.5,11069942
26-04-2019,192,205.100006,182.600006,186.600006,186.600006,23218185
30-04-2019,187.800003,191.350006,185,187.649994,187.649994,6590136
02-05-2019,181.899994,187.300003,178.5,178.949997,178.949997,12307405
03-05-2019,180,180.899994,174.75,176.699997,176.699997,6518703
06-05-2019,178,182.899994,176.550003,177.899994,177.899994,6597475
07-05-2019,178.600006,180,172.600006,174.5,174.5,4172499
08-05-2019,175,176.850006,172.800003,173.800003,173.800003,3134406
09-05-2019,173.649994,181.5,170.600006,180.5,180.5,8205276
10-05-2019,180.899994,182.199997,178.100006,179.899994,179.899994,4079961
13-05-2019,178.800003,179.949997,175,175.899994,175.899994,4131280
14-05-2019,176.399994,179.199997,172.699997,174.600006,174.600006,3454121
15-05-2019,175.75,176.649994,166.050003,168.149994,168.149994,4290140
16-05-2019,168.5,168.949997,161.399994,163.800003,163.800003,4554818
17-05-2019,164.699997,165.399994,156.5,161,161,6768687
20-05-2019,163.300003,168.699997,162.050003,164.300003,164.300003,7337739
21-05-2019,164.5,165.5,160.649994,161.149994,161.149994,4576657
22-05-2019,161.5,162.949997,152.199997,153.300003,153.300003,4952576
23-05-2019,150.149994,157,149.75,155.75,155.75,5269910
24-05-2019,156,157.600006,152.25,155.5,155.5,4363685
27-05-2019,156.100006,158.600006,154,157.699997,157.699997,2838460
28-05-2019,159.100006,161.949997,157,160.149994,160.149994,3801277
29-05-2019,161.350006,162.699997,159.5,160.25,160.25,2817149
30-05-2019,160.600006,161.699997,156.800003,157.600006,157.600006,2907470
31-05-2019,158.300003,160,156.800003,159.350006,159.350006,2316392
03-06-2019,160.100006,160.600006,156.699997,157.399994,157.399994,1494982
04-06-2019,157.300003,159.25,156,157.949997,157.949997,1699496
06-06-2019,157,157.5,150.25,151.199997,151.199997,3955795
07-06-2019,150.600006,153.350006,149.699997,150.449997,150.449997,3430808
10-06-2019,151.550003,155.449997,148.649994,154.649994,154.649994,5357619
11-06-2019,153.050003,155.399994,152.25,153.100006,153.100006,2807283
12-06-2019,153.300003,154.100006,150.899994,151.600006,151.600006,2001886
13-06-2019,152.800003,153.25,151.25,151.800003,151.800003,1865804
14-06-2019,151.25,153.5,150.550003,151.550003,151.550003,1822486
17-06-2019,151,154.25,150.800003,151.350006,151.350006,2480509
18-06-2019,152.100006,153.800003,149.850006,150.649994,150.649994,2047007
19-06-2019,151,151.800003,145.100006,146.449997,146.449997,3253307
20-06-2019,145,145.199997,140.199997,142.5,142.5,4354484
21-06-2019,141,146.899994,140.5,145.949997,145.949997,3596801
24-06-2019,147.399994,148.5,144.399994,145.300003,145.300003,4298838
25-06-2019,144.100006,147.949997,144.100006,147.399994,147.399994,2159351
26-06-2019,147.5,150.949997,146.600006,150.350006,150.350006,2095932
27-06-2019,150,151.699997,146,146.399994,146.399994,2462814
28-06-2019,146.600006,149.800003,146.550003,149.350006,149.350006,1838059
01-07-2019,149.600006,155,149.399994,152.850006,152.850006,3357890
02-07-2019,152.5,154.5,150.600006,151,151,1863447
03-07-2019,155.800003,157.5,155.350006,156.850006,156.850006,752420
04-07-2019,157.699997,159.5,151.75,152.399994,152.399994,2811203
05-07-2019,152.399994,154.899994,150.350006,154.25,154.25,2435109
08-07-2019,155.800003,156.800003,152.850006,154.850006,154.850006,2060709
09-07-2019,155.350006,156.100006,150.399994,155.100006,155.100006,4613690
10-07-2019,155.100006,157.199997,153.550003,155.550003,155.550003,3236234
11-07-2019,155,159,154.199997,155.649994,155.649994,5140840
12-07-2019,156.5,157.399994,154.850006,156.199997,156.199997,2832316
15-07-2019,155.699997,156.350006,153.100006,153.649994,153.649994,2154357
16-07-2019,154.100006,156.399994,152.350006,154.800003,154.800003,2667146
17-07-2019,154.75,158.649994,154.699997,157.300003,157.300003,4148506
18-07-2019,158.5,162,158.100006,161.25,161.25,3920362
19-07-2019,162.350006,162.699997,158.199997,159.550003,159.550003,4928905
22-07-2019,159.949997,161.5,154.300003,154.899994,154.899994,4248777
23-07-2019,154.399994,158.600006,153.399994,157,157,3281664
24-07-2019,157,160.199997,154.149994,158.050003,158.050003,4245041
25-07-2019,158.300003,159.199997,153.350006,154.199997,154.199997,3829223
26-07-2019,155.149994,155.949997,149.199997,150.050003,150.050003,6284203
29-07-2019,148.050003,148.5,141.949997,143.600006,143.600006,7698675
30-07-2019,143.899994,146.649994,142.350006,145.100006,145.100006,3614231
31-07-2019,146.25,147.649994,144.800003,146.350006,146.350006,2344223
01-08-2019,147.350006,147.699997,142.050003,142.399994,142.399994,3324166
02-08-2019,142,144,140.25,141.600006,141.600006,3732422
05-08-2019,141,142.800003,131.399994,134.449997,134.449997,4981645
06-08-2019,127.5,129.649994,124,127.300003,127.300003,11096223
07-08-2019,128.699997,129.899994,127.349998,128.25,128.25,2602207
08-08-2019,129,134.350006,126.050003,133.25,133.25,5140083
09-08-2019,133.899994,136,132.399994,133.399994,133.399994,2867662
13-08-2019,131.899994,133,130.100006,132.050003,132.050003,2677422
14-08-2019,132.800003,135.149994,130,131,131,3517270
16-08-2019,131.100006,132.199997,127.300003,128.949997,128.949997,4455494
19-08-2019,129.949997,135.300003,129.699997,134.199997,134.199997,3664065
20-08-2019,134.050003,137.600006,132.199997,136.050003,136.050003,4079241
21-08-2019,137,138.199997,135.649994,136.649994,136.649994,1868001
22-08-2019,135.199997,138.449997,134.25,134.75,134.75,3037504
23-08-2019,136.149994,137.300003,135.75,136.550003,136.550003,2149784
26-08-2019,136.5,137.25,134.300003,136.300003,136.300003,2714923
27-08-2019,136.649994,139.699997,136,138.800003,138.800003,3259203
28-08-2019,136.100006,139.300003,135,135.899994,135.899994,2705717
29-08-2019,136.699997,138.100006,136.199997,137.699997,137.699997,1895102
30-08-2019,136.449997,137.899994,133.350006,133.949997,133.949997,3971541
03-09-2019,134.699997,135.850006,133.149994,133.649994,133.649994,2554628
04-09-2019,134.949997,134.949997,130.149994,131.25,131.25,2630786
05-09-2019,132.5,133.949997,132.050003,133.100006,133.100006,2085086
06-09-2019,133.699997,135.949997,133.199997,134.5,134.5,2478794
09-09-2019,134.300003,138.949997,134.300003,136.25,136.25,3607657
11-09-2019,136.5,139.300003,135.25,137.600006,137.600006,3533287
12-09-2019,136.449997,138.850006,136.100006,137.350006,137.350006,3016999
13-09-2019,138.5,139.850006,137.050003,137.350006,137.350006,1838750
16-09-2019,137.5,138.550003,135.350006,136.949997,136.949997,2123143
17-09-2019,136.899994,139.649994,135.800003,138.899994,138.899994,3084823
18-09-2019,140,140,135.5,135.850006,135.850006,3127070
19-09-2019,135,135.050003,129.5,129.899994,129.899994,3761505
20-09-2019,130,130.5,125.699997,130.100006,130.100006,3217340
23-09-2019,129.949997,131.699997,129.050003,130.899994,130.899994,2151558
24-09-2019,131.300003,131.899994,125.900002,126.449997,126.449997,3806216
25-09-2019,126.300003,129.300003,125.949997,128.350006,128.350006,3184769
26-09-2019,129.300003,130.399994,125.75,126.650002,126.650002,2644012
27-09-2019,128,128.399994,124.5,126.699997,126.699997,2804739
30-09-2019,127.449997,128.600006,125.5,126.050003,126.050003,2753625
01-10-2019,126.050003,127.849998,125.099998,125.949997,125.949997,3921410
03-10-2019,126.199997,130.5,126.199997,129.949997,129.949997,3251667
04-10-2019,129.449997,131.949997,128.75,131.649994,131.649994,2324414
07-10-2019,131.899994,132.399994,130.699997,131.550003,131.550003,1776258
09-10-2019,132,132.75,125.199997,125.900002,125.900002,4440347
10-10-2019,126.099998,127.199997,123.699997,126.800003,126.800003,3141835
11-10-2019,126.099998,129.399994,125.949997,127.650002,127.650002,2807411
14-10-2019,127.900002,129.100006,126.300003,127.349998,127.349998,1732783
15-10-2019,126.5,129.300003,126.5,127.849998,127.849998,1585164
16-10-2019,127.199997,128.199997,125.599998,126.150002,126.150002,2024616
17-10-2019,126.150002,126.900002,125.099998,125.849998,125.849998,466545
18-10-2019,127,127.300003,125.550003,126.650002,126.650002,1612791
22-10-2019,127.099998,133.449997,127.099998,131.399994,131.399994,4559710
23-10-2019,144.5,178,144.5,176.300003,176.300003,32616021
24-10-2019,177.300003,196.050003,173.75,186.399994,186.399994,22025508
25-10-2019,186.199997,186.899994,174.199997,175.600006,175.600006,9409249
27-10-2019,175,191.550003,173.149994,184.25,184.25,9196803
29-10-2019,184.25,185.350006,174.199997,176.449997,176.449997,5650716
30-10-2019,178.699997,185.149994,178.25,179.649994,179.649994,5049169
31-10-2019,179.800003,182.5,170.199997,171.050003,171.050003,8325578
01-11-2019,173.100006,175.649994,169.600006,173.5,173.5,8209155
04-11-2019,182.25,184,175.5,176.550003,176.550003,12359144
05-11-2019,177.5,177.949997,165.5,166.050003,166.050003,6713146
06-11-2019,166,168.699997,160.600006,162.899994,162.899994,4962700
07-11-2019,164,168,161.800003,166.649994,166.649994,4241641
08-11-2019,165,171.25,162.600006,167.350006,167.350006,5992437
11-11-2019,169,172.800003,166.899994,167.800003,167.800003,4685514
13-11-2019,165.600006,170.149994,162,164.300003,164.300003,3730096
14-11-2019,164.75,168.850006,163.100006,164.75,164.75,4449112
15-11-2019,165.100006,174.5,163.75,173.5,173.5,5236317
18-11-2019,177.399994,181,169.350006,170.649994,170.649994,6048564
19-11-2019,170.800003,172.149994,167.300003,170.600006,170.600006,3545323
20-11-2019,171,171.800003,166.100006,168.149994,168.149994,3040013
21-11-2019,168.550003,171.25,166.25,169.850006,169.850006,3824208
22-11-2019,169.5,170,165,166.800003,166.800003,2823797
25-11-2019,167.100006,169.399994,166.550003,167.300003,167.300003,2311346
26-11-2019,165.899994,168.600006,165.100006,168.100006,168.100006,1758981
27-11-2019,168.699997,169.399994,163.649994,165.149994,165.149994,3706710
28-11-2019,166,166.050003,162.449997,163.800003,163.800003,1612245
29-11-2019,162,167,161.199997,164.100006,164.100006,10117570
02-12-2019,163.199997,164.899994,157.199997,158,158,3726440
03-12-2019,158,160.75,156.199997,159.050003,159.050003,3509608
04-12-2019,159,162.25,157.199997,161.149994,161.149994,3091965
05-12-2019,159.949997,161.800003,154.350006,155.149994,155.149994,5085013
06-12-2019,156,158.5,155.300003,157.600006,157.600006,2062643
09-12-2019,158.800003,158.899994,154.800003,155.75,155.75,2971699
10-12-2019,156.5,157.449997,153.100006,154.649994,154.649994,2754753
11-12-2019,154.050003,154.800003,150,150.75,150.75,3107713
12-12-2019,150.5,151.800003,145.199997,147.399994,147.399994,3410490
13-12-2019,148.100006,148.949997,144.75,146.550003,146.550003,2600990
16-12-2019,148.899994,150.350006,147.649994,148.199997,148.199997,3239186
17-12-2019,147.300003,156.100006,140.550003,154.649994,154.649994,6134896
18-12-2019,155,155,150,150.600006,150.600006,6429504
19-12-2019,150.199997,150.399994,147.600006,148.100006,148.100006,2846523
20-12-2019,148.550003,151,147.100006,148.100006,148.100006,4171272
23-12-2019,148.800003,150.699997,146.699997,148.199997,148.199997,4097737
24-12-2019,148,149.949997,146.649994,148.100006,148.100006,3052585
26-12-2019,148.5,150.550003,147.149994,148.300003,148.300003,2727628
27-12-2019,148.300003,148.850006,145.149994,145.899994,145.899994,3415288
30-12-2019,146,147.25,143.300003,144.300003,144.300003,2854907
31-12-2019,145.100006,146.100006,144.100006,144.899994,144.899994,1583719
01-01-2020,145.100006,145.300003,140.699997,141.949997,141.949997,2754134
02-01-2020,142,145.399994,142,143.149994,143.149994,2243525
03-01-2020,143.300003,148.350006,141.800003,147.5,147.5,4391613
06-01-2020,148.600006,149.25,143.75,145.300003,145.300003,3766980
07-01-2020,146.100006,147.300003,144.699997,145.649994,145.649994,2094620
08-01-2020,145.649994,147.800003,143.350006,144.100006,144.100006,3242698
09-01-2020,143.100006,145.199997,140.699997,141.75,141.75,3373196
10-01-2020,141.699997,143.300003,138.399994,138.800003,138.800003,7312933
13-01-2020,140,140.899994,136.699997,137.600006,137.600006,5898335
14-01-2020,138.899994,140.800003,138.149994,139.550003,139.550003,3589855
15-01-2020,139.550003,140,134.699997,136.350006,136.350006,5469268
16-01-2020,136.449997,140.949997,135.100006,140.5,140.5,4662669
17-01-2020,143.850006,144.800003,136.800003,137.899994,137.899994,5396514
20-01-2020,138.050003,141.649994,137.25,141.350006,141.350006,3300807
21-01-2020,141.199997,141.199997,138.050003,140.350006,140.350006,2546933
22-01-2020,141,146.199997,139.75,145.050003,145.050003,5273202
23-01-2020,144.899994,150,142.550003,148.899994,148.899994,7746085
24-01-2020,150.600006,151.800003,140.350006,141.75,141.75,16866285
27-01-2020,142.800003,142.899994,136.600006,137.699997,137.699997,5329376
28-01-2020,137.699997,139.300003,135.100006,136.100006,136.100006,3542212
29-01-2020,135.5,137,134.100006,136.25,136.25,2987896
30-01-2020,136.600006,137.399994,131.199997,132.100006,132.100006,4063977
31-01-2020,130,132.5,126.800003,127.5,127.5,5635071
03-02-2020,121.949997,128,120.349998,126.650002,126.650002,9548623
04-02-2020,117,126.349998,116.800003,125.25,125.25,6453887
05-02-2020,127,127.849998,122.800003,123.650002,123.650002,6409549
06-02-2020,124,127.449997,123.650002,125.150002,125.150002,4120305
07-02-2020,122,128,121,126.25,126.25,3752919
10-02-2020,126.5,131.5,126.300003,127.400002,127.400002,4453664
11-02-2020,127.199997,127.300003,120.75,121.199997,121.199997,4875048
12-02-2020,119.900002,122.699997,118.300003,120.199997,120.199997,6827962
13-02-2020,118.599998,120,116.099998,118.349998,118.349998,7817508
14-02-2020,112.900002,114.849998,104.199997,109.650002,109.650002,26675076
17-02-2020,105.25,113.800003,105,111.349998,111.349998,24798306
18-02-2020,113.5,113.599998,107.75,109.449997,109.449997,11957085
19-02-2020,108.099998,109.5,106.599998,107.349998,107.349998,7782699
20-02-2020,108,109,107.5,108.599998,108.599998,4372709
24-02-2020,108.099998,109.650002,107.25,107.599998,107.599998,4445258
25-02-2020,107.25,107.400002,99.5,103.050003,103.050003,12131553
26-02-2020,100.099998,106.300003,100.099998,105.550003,105.550003,12454730
27-02-2020,104,105.849998,103.050003,103.599998,103.599998,5853028
28-02-2020,100.050003,102.150002,99.550003,100.75,100.75,7748996
02-03-2020,102,102.400002,95.650002,96.75,96.75,6838649
03-03-2020,96.050003,97.449997,93.5,95.699997,95.699997,8503415
04-03-2020,97.199997,97.699997,94,96.25,96.25,6144699
05-03-2020,97,97,92.199997,93.449997,93.449997,4805217
06-03-2020,93.900002,94.25,87,91.150002,91.150002,11450366
09-03-2020,90.5,102.800003,89.150002,97.5,97.5,24571377
11-03-2020,96,102.800003,94.5,102,102,17921999
12-03-2020,102.949997,103.300003,100.099998,101.25,101.25,8990739
13-03-2020,101.5,104.400002,99.199997,99.849998,99.849998,11116382
16-03-2020,100.699997,101.400002,94.650002,96.400002,96.400002,8460284
17-03-2020,94.699997,97.900002,94.349998,96.449997,96.449997,7137992
18-03-2020,98,99.150002,95.349998,95.849998,95.849998,6353115
19-03-2020,96.050003,96.050003,94.099998,94.699997,94.699997,4768283
20-03-2020,89.150002,89.849998,86.050003,86.849998,86.849998,27151046
23-03-2020,86.099998,92.5,86,91.099998,91.099998,13154454
24-03-2020,92.699997,95.650002,91.199997,94.25,94.25,11361080
25-03-2020,92.5,97.300003,91.400002,94,94,16544201
26-03-2020,94.099998,97.349998,93.800003,95.050003,95.050003,6112500
27-03-2020,96.5,100.199997,95.699997,96.949997,96.949997,13192104
30-03-2020,97.949997,98.599998,95.099998,95.650002,95.650002,7803421
31-03-2020,97.900002,102,96.199997,100.349998,100.349998,9481522
01-04-2020,101.199997,102.900002,98.5,101.949997,101.949997,12084888
03-04-2020,103,105.349998,101.800003,104.349998,104.349998,10158677
07-04-2020,104.900002,105.449997,102.699997,103.300003,103.300003,7796012
08-04-2020,103.199997,103.5,100,101.150002,101.150002,6014993
09-04-2020,101.800003,101.849998,97.550003,98.699997,98.699997,7114509
13-04-2020,99,100.800003,98,98.650002,98.650002,6235148
15-04-2020,97.900002,99.25,96.550003,98,98,5155899
16-04-2020,98.900002,99.599998,96.449997,97.449997,97.449997,6106574
17-04-2020,98,99.449997,95.75,96.349998,96.349998,7169661
20-04-2020,97.599998,97.599998,96,96.650002,96.650002,4347385
21-04-2020,96,96.400002,90.699997,91.650002,91.650002,9806191
22-04-2020,91,94.5,89.5,93.849998,93.849998,11830042
23-04-2020,93,94.099998,91.650002,92.349998,92.349998,4798817
24-04-2020,92.449997,92.449997,90.550003,90.800003,90.800003,4915973
27-04-2020,91.300003,91.300003,89.599998,90.550003,90.550003,4846424
28-04-2020,90.75,96.949997,90.75,94.599998,94.599998,10143708
29-04-2020,94.25,96.349998,93.099998,95.400002,95.400002,4793812
30-04-2020,95.400002,95.900002,91.150002,91.949997,91.949997,5424136
04-05-2020,91.800003,93.25,90.550003,91.599998,91.599998,5543370
05-05-2020,91.349998,93.25,90.650002,91.150002,91.150002,4661081
06-05-2020,91.849998,93.550003,91.599998,92.75,92.75,4352807
07-05-2020,93.449997,96,91.349998,94,94,8558407
08-05-2020,93.5,94.599998,91.300003,91.900002,91.900002,4924612
11-05-2020,92.099998,92.449997,86.849998,87.550003,87.550003,8359999
12-05-2020,84,89.75,83.25,88.099998,88.099998,23133456
13-05-2020,88,90.099998,86.25,88.050003,88.050003,9570519
14-05-2020,87.849998,90.449997,85,85.699997,85.699997,7317544
15-05-2020,85,86.449997,82.099998,84.449997,84.449997,10084735
18-05-2020,84.699997,86.400002,83.699997,85.150002,85.150002,5409617
19-05-2020,84.949997,85.5,82.400002,83.25,83.25,5971696
20-05-2020,84.849998,88.949997,83.300003,86.949997,86.949997,8756883
21-05-2020,86.099998,89.900002,85.199997,88.400002,88.400002,8887542
22-05-2020,87.150002,91.449997,85.699997,86.849998,86.849998,10718935
26-05-2020,87.699997,88.349998,85.349998,87.150002,87.150002,6995682
27-05-2020,87.150002,89.900002,86.800003,89.25,89.25,6058558
28-05-2020,90.050003,95.449997,89.699997,93.900002,93.900002,11729381
29-05-2020,93.099998,93.699997,89.900002,90.449997,90.449997,6336006
01-06-2020,89,91,88.5,89.800003,89.800003,5518865
02-06-2020,90.5,91.349998,88.650002,90.699997,90.699997,6148106
03-06-2020,90.900002,92,88.150002,89.199997,89.199997,6694445
04-06-2020,89.75,90.400002,86.75,87.599998,87.599998,4666827
05-06-2020,87.599998,88.449997,85.099998,87,87,5512685
08-06-2020,86.949997,91.25,86.449997,90.400002,90.400002,7597132
09-06-2020,91.050003,93.699997,89.599998,92.699997,92.699997,6882756
10-06-2020,92.449997,95.800003,91.650002,95.300003,95.300003,8328592
11-06-2020,95.150002,96.900002,92.800003,93.599998,93.599998,8037967
12-06-2020,93.300003,95.050003,92.5,94.550003,94.550003,5070710
15-06-2020,95,96.949997,94.550003,95.550003,95.550003,5701854
16-06-2020,95.400002,95.800003,92.75,94.199997,94.199997,5578406
17-06-2020,94,94.900002,90,90.400002,90.400002,6880119
18-06-2020,90,91.199997,89.599998,90.550003,90.550003,4910858
19-06-2020,90.949997,93,89.099998,90.099998,90.099998,9787080
22-06-2020,90.099998,90.550003,88.400002,89,89,5454405
23-06-2020,89,89.599998,85.599998,86,86,6836632
24-06-2020,85.800003,86.25,84.199997,85.75,85.75,7295579
25-06-2020,85.550003,85.900002,82.050003,82.400002,82.400002,6459065
26-06-2020,82.150002,84.650002,81.75,83.449997,83.449997,7135936
29-06-2020,83,83,80.099998,81.349998,81.349998,6636518
30-06-2020,81.449997,83,79.349998,79.800003,79.800003,7252658
01-07-2020,80.150002,82.949997,80.150002,81.949997,81.949997,7571496
02-07-2020,82.400002,82.5,78.75,81.199997,81.199997,8053200
03-07-2020,81.099998,81.849998,79.800003,80.75,80.75,4941366
06-07-2020,80.75,80.949997,79.199997,79.75,79.75,5497438
07-07-2020,79.800003,81,78.849998,79.449997,79.449997,5421672
08-07-2020,79.599998,82.300003,79.25,81.300003,81.300003,6027334
09-07-2020,81.849998,82.550003,80.949997,81.300003,81.300003,5210069
10-07-2020,82,83.050003,81.349998,81.650002,81.650002,4332620
13-07-2020,81.550003,81.75,78.199997,78.650002,78.650002,6226352
14-07-2020,79.449997,80.349998,77.75,78.449997,78.449997,5577353
15-07-2020,78.5,78.550003,75.400002,76.599998,76.599998,4810896
16-07-2020,76.550003,77.099998,74,74.400002,74.400002,4324265
17-07-2020,74.099998,81.449997,73.900002,80.699997,80.699997,11230122
20-07-2020,81.300003,81.5,74.550003,76.199997,76.199997,10186046
21-07-2020,76.349998,78.75,74.800003,76.5,76.5,7828073
22-07-2020,76.800003,77.199997,75.099998,76.75,76.75,4790155
23-07-2020,76.599998,79.449997,75.150002,78.949997,78.949997,7085208
24-07-2020,79,81.949997,78.550003,81.25,81.25,6235451
27-07-2020,81.800003,83.800003,80.5,81.849998,81.849998,6698195
28-07-2020,82.599998,85.800003,81.599998,85.050003,85.050003,9184321
29-07-2020,85.599998,87.25,83.849998,85.050003,85.050003,7992209
30-07-2020,85.599998,89.449997,85.400002,88.150002,88.150002,11128126
31-07-2020,88.5,89.050003,85,86.449997,86.449997,9107395
03-08-2020,86.550003,88.900002,85.400002,88.050003,88.050003,9007946
04-08-2020,87.400002,87.800003,85.699997,86.849998,86.849998,5161955
05-08-2020,87.099998,89,86.599998,88.349998,88.349998,8096051
06-08-2020,88.550003,90.900002,88.150002,90.599998,90.599998,7674558
07-08-2020,90.699997,91.449997,85.900002,86.5,86.5,10530072
10-08-2020,86.949997,87.75,84.550003,85.050003,85.050003,6534199
11-08-2020,86,90.199997,85.900002,89.150002,89.150002,12360892
12-08-2020,89,89,84.449997,85.550003,85.550003,9969708
13-08-2020,85.599998,87.949997,83.650002,84.550003,84.550003,13085938
14-08-2020,84.550003,85.900002,83.800003,85.349998,85.349998,6926259
17-08-2020,85,87.5,83.699997,84.400002,84.400002,7796281
18-08-2020,86.050003,87,85.5,86.599998,86.599998,7951258
19-08-2020,87.199997,89,86.599998,88.599998,88.599998,6335393
20-08-2020,88.5,89.099998,87.5,88.349998,88.349998,4870692
21-08-2020,88.550003,90,85.800003,88.75,88.75,7787458
24-08-2020,88,89.199997,86.150002,86.650002,86.650002,5980624
25-08-2020,86.800003,90.849998,86.650002,89.800003,89.800003,13268510
26-08-2020,90,90.099998,84.550003,85.599998,85.599998,11741159
27-08-2020,86.449997,88.949997,85.849998,87.949997,87.949997,8022501
28-08-2020,87.800003,91,86.400002,90.5,90.5,11372812
31-08-2020,89.300003,90.400002,86.849998,89.75,89.75,12314897
01-09-2020,90.699997,93.199997,89.449997,90.25,90.25,11902350
02-09-2020,89.800003,89.949997,84.099998,84.75,84.75,11160427
03-09-2020,84.849998,85.599998,81.300003,83.25,83.25,11166219
04-09-2020,84.400002,84.449997,82.199997,82.949997,82.949997,8992513
07-09-2020,83,84,82.050003,83.550003,83.550003,6171350
08-09-2020,82.75,83.800003,81.199997,81.5,81.5,6896749
09-09-2020,81.699997,83.050003,80.5,80.75,80.75,7233806
10-09-2020,80.900002,81.900002,79.099998,81.199997,81.199997,7236461
11-09-2020,82.400002,84.199997,82.050003,83.849998,83.849998,6812134
14-09-2020,82.199997,83.099998,81,82.300003,82.300003,10263319
15-09-2020,82,82.050003,74.199997,74.849998,74.849998,19886770
16-09-2020,75.550003,79.25,74.5,78.449997,78.449997,17495332
17-09-2020,79,79.599998,66.699997,73.800003,73.800003,12384158
18-09-2020,74.050003,74.5,70.849998,72.300003,72.300003,6382243
21-09-2020,72.099998,73.050003,67.800003,70.150002,70.150002,11098335
22-09-2020,71.800003,71.800003,69.199997,70.599998,70.599998,7640102
23-09-2020,70.5,71.349998,67,67.599998,67.599998,7801552
24-09-2020,68.900002,69.099998,64.75,65.75,65.75,10459743
25-09-2020,66,69.949997,63.400002,69.199997,69.199997,9705154
28-09-2020,69,71.75,67.5,68.550003,68.550003,9716245
29-09-2020,66.75,69.699997,66.449997,68.050003,68.050003,7601325
30-09-2020,68,68.949997,65.449997,66,66,8324894
01-10-2020,66,67.300003,64.400002,66.400002,66.400002,8338623
05-10-2020,66.900002,67.599998,64.199997,65.75,65.75,7275074
06-10-2020,65.400002,72.5,65.400002,71.699997,71.699997,12605014
07-10-2020,68.150002,70.400002,67.5,68.550003,68.550003,7677887
08-10-2020,69.699997,70.650002,68.800003,69.099998,69.099998,5729329
09-10-2020,69.5,70.099998,67.849998,68.949997,68.949997,5341857
12-10-2020,69.25,71.800003,69.25,71.050003,71.050003,5666910
13-10-2020,72.050003,72.199997,64.699997,66.849998,66.849998,8310635
14-10-2020,65.949997,67.349998,64.099998,64.5,64.5,9424384
15-10-2020,65.300003,66.150002,62.150002,62.700001,62.700001,10353547
16-10-2020,62.400002,63.799999,61.400002,62.650002,62.650002,7895699
19-10-2020,63.5,64.150002,62.049999,63.400002,63.400002,9814022
20-10-2020,62.650002,64.800003,62.150002,63.650002,63.650002,16667984
21-10-2020,63.700001,64,61.25,62.150002,62.150002,13037189
22-10-2020,62.799999,70.199997,62.150002,69.699997,69.699997,20684460
23-10-2020,70.5,79.349998,69.150002,75.800003,75.800003,50703951
26-10-2020,76,77.300003,73.300003,76.650002,76.650002,20226029
27-10-2020,77,78.400002,75.650002,77.349998,77.349998,13507324
28-10-2020,78.300003,81.199997,75.050003,75.75,75.75,16344906
29-10-2020,75.949997,80,75.050003,79.449997,79.449997,12440081
30-10-2020,80.199997,80.900002,78.050003,78.949997,78.949997,9542388
02-11-2020,80,80,79,79.300003,79.300003,908757
03-11-2020,79,83.099998,78.550003,81.849998,81.849998,13785896
04-11-2020,81.849998,82.099998,77.75,78.550003,78.550003,9783765
05-11-2020,78.050003,80.400002,76.449997,79.900002,79.900002,10554347
06-11-2020,80.5,83.5,80.099998,80.650002,80.650002,11893676
09-11-2020,80.650002,82.400002,79.400002,81.599998,81.599998,7243250
10-11-2020,81.599998,84.599998,80.199997,82.599998,82.599998,11375780
11-11-2020,84,84,80.800003,81.75,81.75,11025472
12-11-2020,80.849998,81.599998,78.300003,79.949997,79.949997,15314250
13-11-2020,80,83.050003,79.5,82.150002,82.150002,10985086
14-11-2020,82.150002,82.650002,80,80.300003,80.300003,7256111
17-11-2020,81,81,78.400002,80.050003,80.050003,7925837
18-11-2020,80,82.699997,79.800003,81.699997,81.699997,11420374
19-11-2020,82,82.300003,78.900002,79.400002,79.400002,8596382
20-11-2020,80,80.800003,78.800003,79.800003,79.800003,8509042
23-11-2020,80.150002,80.449997,77.5,78.550003,78.550003,9535721
24-11-2020,78.550003,81.599998,78.150002,80.75,80.75,9553521
25-11-2020,80.599998,81.5,78.599998,79.050003,79.050003,6514468
26-11-2020,78.800003,79.400002,75.800003,76.150002,76.150002,7881260
27-11-2020,75.599998,76.199997,73,73.550003,73.550003,7523652
01-12-2020,74.099998,74.5,70.949997,73,73,9166675
02-12-2020,70.099998,73,70.099998,71.550003,71.550003,5857408
03-12-2020,70,74.300003,69.099998,73.400002,73.400002,10272963
04-12-2020,74.099998,77.5,74.099998,77.050003,77.050003,10205966
07-12-2020,77.5,79.150002,76.150002,77.199997,77.199997,7630320
08-12-2020,77.699997,79.050003,76.800003,77.800003,77.800003,8280080
09-12-2020,78,78.599998,77.099998,77.849998,77.849998,4418775
10-12-2020,77.75,81.599998,77.25,80.449997,80.449997,13289659
11-12-2020,80.949997,83.5,80.75,83.099998,83.099998,10376506
14-12-2020,82.550003,84.599998,81.449997,82.449997,82.449997,10058751
15-12-2020,83.5,84.150002,81.25,82.400002,82.400002,7291064
16-12-2020,82.650002,83.900002,81.800003,83.050003,83.050003,7768263
17-12-2020,82.849998,84,80,83.5,83.5,8520193
18-12-2020,84.349998,85.25,82.900002,83.900002,83.900002,10380223
21-12-2020,84.199997,87.199997,84.099998,85.949997,85.949997,12520877
22-12-2020,86.449997,86.949997,85.349998,85.900002,85.900002,6966710
23-12-2020,86.699997,89,85.550003,88.300003,88.300003,9352838
24-12-2020,88.849998,89.800003,87.300003,88.199997,88.199997,11020333
28-12-2020,88.199997,89.699997,87.550003,88.75,88.75,8303993
29-12-2020,88.949997,93,88.199997,92.25,92.25,15625825
30-12-2020,93.699997,94.199997,89.849998,90.599998,90.599998,9581302
31-12-2020,90.599998,95.5,89.900002,94.550003,94.550003,12121456
01-01-2021,95.099998,95.199997,91.199997,92,92,10605358
04-01-2021,91.800003,93.550003,91.150002,92.800003,92.800003,5790987
05-01-2021,92.5,94.849998,92,93.650002,93.650002,10264202
06-01-2021,93.199997,95.449997,91.050003,94.25,94.25,10367880
07-01-2021,94.199997,94.949997,93,94.150002,94.150002,8255203
08-01-2021,93.699997,97,93.300003,96.199997,96.199997,9593343
11-01-2021,96.599998,97,93.5,94.849998,94.849998,8840714
12-01-2021,95,95.300003,91.650002,92.5,92.5,7303587
13-01-2021,92.550003,93.5,85.099998,86.300003,86.300003,22590728
14-01-2021,85,86.599998,82.800003,83.949997,83.949997,16395769
15-01-2021,84.25,84.699997,82.300003,82.75,82.75,7830565
18-01-2021,82.900002,83.550003,82,82.5,82.5,6625042
19-01-2021,82.699997,83.699997,78.900002,79.449997,79.449997,9353149
20-01-2021,79.449997,80.400002,77.599998,78.400002,78.400002,7611090
21-01-2021,78.199997,81.349998,77.849998,80.050003,80.050003,9561030
22-01-2021,80.300003,81.849998,79.449997,81.199997,81.199997,6665473
25-01-2021,81.599998,83.400002,79.75,82.75,82.75,8495733
27-01-2021,83,84.349998,80.199997,81.449997,81.449997,10592499
28-01-2021,81.25,81.25,78,79.449997,79.449997,6977579
29-01-2021,79.800003,80.650002,77,78.150002,78.150002,6870366
01-02-2021,78.550003,79.699997,76.050003,79.400002,79.400002,6741919
02-02-2021,79.25,80.900002,78.099998,78.800003,78.800003,5938788
03-02-2021,78.050003,78.349998,72.050003,72.5,72.5,15553054
04-02-2021,72.400002,73.050003,71.25,72.150002,72.150002,8149862
05-02-2021,72.150002,72.699997,70.050003,70.400002,70.400002,7899565
08-02-2021,69.449997,71.650002,68.300003,70.949997,70.949997,10625776
09-02-2021,71,71.150002,68.099998,68.650002,68.650002,6551655
10-02-2021,68.75,69.5,67.5,67.949997,67.949997,5620070
11-02-2021,68,70.550003,67.599998,68.5,68.5,8287336
12-02-2021,68.800003,70.099998,68.5,69.650002,69.650002,6424383
15-02-2021,73,73.300003,70.75,71.550003,71.550003,15866924
16-02-2021,71.449997,72.150002,70.550003,71.199997,71.199997,5447748
17-02-2021,71.300003,71.650002,70.650002,71.25,71.25,4046656
18-02-2021,69.599998,70.550003,67.699997,69.699997,69.699997,9610206
19-02-2021,70.199997,71.949997,68.900002,70.099998,70.099998,7791959
22-02-2021,70.300003,72.099998,69.800003,71.650002,71.650002,6383643
23-02-2021,72.050003,78.449997,71.800003,77.150002,77.150002,19395161
24-02-2021,77.150002,81,76.550003,80.650002,80.650002,11139738
25-02-2021,80.5,81.800003,78.400002,79.25,79.25,12556714
26-02-2021,79.099998,81.800003,78.400002,79.949997,79.949997,11551976
01-03-2021,79.199997,80.650002,77.900002,78.099998,78.099998,8790110
02-03-2021,78.699997,83.5,78.699997,82.699997,82.699997,13144457
03-03-2021,84.25,85.849998,82.050003,82.699997,82.699997,15242637
04-03-2021,82.849998,83.150002,80.699997,82.599998,82.599998,11944420
05-03-2021,82.5,83.800003,81.449997,82.800003,82.800003,8104798
08-03-2021,83,85,82.449997,82.900002,82.900002,11599757
09-03-2021,83.300003,84.099998,82.5,83.75,83.75,7445309
10-03-2021,84.5,89.400002,84.099998,87.650002,87.650002,22242435
12-03-2021,88.150002,89.150002,86.199997,88.449997,88.449997,13692304
15-03-2021,89.199997,89.300003,86.300003,86.849998,86.849998,8279854
16-03-2021,85.449997,87.949997,84.550003,87.400002,87.400002,7771097
17-03-2021,87.849998,92,87.449997,91.550003,91.550003,14525146
18-03-2021,92.099998,94.199997,90.849998,93.800003,93.800003,13228502
19-03-2021,93.800003,97.800003,93.099998,96.949997,96.949997,15011461
22-03-2021,96.099998,99.650002,95.800003,96.400002,96.400002,12734106
23-03-2021,96.800003,100,95.400002,98.800003,98.800003,15381795
24-03-2021,99.5,100.400002,94.099998,94.800003,94.800003,15596896
25-03-2021,94.150002,96.5,91.849998,92.349998,92.349998,17714646
26-03-2021,92.800003,93.849998,91.050003,93,93,9235891
30-03-2021,93.150002,95.349998,91.5,92.25,92.25,11927271
31-03-2021,92.400002,95,91.300003,94.699997,94.699997,11923160
01-04-2021,94.300003,95.849998,93.25,93.599998,93.599998,8721010
05-04-2021,93.400002,94.199997,92,93.25,93.25,6667374
06-04-2021,93.300003,93.900002,91.599998,93.5,93.5,7751907
07-04-2021,93.550003,94.449997,92.150002,92.699997,92.699997,5976723
08-04-2021,92.900002,93.5,92,92.300003,92.300003,4462400
09-04-2021,92.5,92.800003,90.25,91,91,7536198
12-04-2021,90,90.349998,86.199997,86.849998,86.849998,7070780
13-04-2021,87.300003,89.300003,86.699997,88.099998,88.099998,8092450
15-04-2021,88.199997,90,87,89.099998,89.099998,6947082
16-04-2021,89.25,89.75,86.699997,87.650002,87.650002,6129391
19-04-2021,88.25,88.5,86.599998,88.050003,88.050003,6880489
20-04-2021,88,88,82.75,83.5,83.5,9894458
22-04-2021,83,86.150002,82.400002,84.449997,84.449997,7600082
23-04-2021,84.949997,85.75,84.150002,85.050003,85.050003,5629447
26-04-2021,84,85.400002,83.5,83.900002,83.900002,4467534
27-04-2021,84.449997,84.699997,81,81.650002,81.650002,6167418
28-04-2021,81.650002,83.550003,80.75,82.199997,82.199997,6734094
29-04-2021,81.800003,83,81.5,82.150002,82.150002,5014619
30-04-2021,83,84.599998,82.050003,84.050003,84.050003,6978479
03-05-2021,83.800003,84.550003,71.449997,75.849998,75.849998,14639500
04-05-2021,75.900002,81.449997,74.449997,79.300003,79.300003,13530185
05-05-2021,74.199997,76,70.550003,71.449997,71.449997,36895427
06-05-2021,71.5,72,69.199997,70.150002,70.150002,13719289
07-05-2021,70.300003,71.150002,69.25,70.650002,70.650002,8543601
10-05-2021,74.300003,75.099998,72.650002,74,74,12806147
11-05-2021,74.199997,74.349998,70.650002,71.550003,71.550003,9074806
12-05-2021,71.650002,71.75,70.099998,71.199997,71.199997,7989744
14-05-2021,73.849998,75.449997,69.199997,69.75,69.75,20942310
17-05-2021,70.150002,75.5,70,75,75,13537813
18-05-2021,75.5,78.5,75.199997,77.400002,77.400002,13403507
19-05-2021,77.849998,79.75,76.599998,79.449997,79.449997,13894860
20-05-2021,79.300003,79.300003,77.550003,78.599998,78.599998,13146240
21-05-2021,79,80.150002,77.25,78.349998,78.349998,8867615
24-05-2021,78.699997,79.199997,74.25,75.800003,75.800003,11087241
25-05-2021,76.449997,76.949997,74.550003,76.550003,76.550003,7642627
26-05-2021,76,80.849998,76,78.050003,78.050003,15631329
27-05-2021,78.449997,78.449997,72.849998,73.349998,73.349998,12897270
28-05-2021,73.199997,74.849998,72.5,73.900002,73.900002,9319279
31-05-2021,74.650002,75.5,71.599998,72.650002,72.650002,8537807
01-06-2021,72.699997,74.5,72.099998,74.150002,74.150002,6882890
02-06-2021,74,75.099998,73.300003,74.550003,74.550003,6506615
03-06-2021,74.050003,74.5,70.75,72.699997,72.699997,8950535
04-06-2021,72.800003,74.099998,72.300003,72.800003,72.800003,5776156
07-06-2021,72.800003,74.050003,72.199997,72.449997,72.449997,5642661
08-06-2021,72.650002,74.849998,72.199997,74.099998,74.099998,9331467
09-06-2021,74.550003,75.199997,71.800003,72.5,72.5,8355903
10-06-2021,72.5,75.800003,72.150002,75.349998,75.349998,6663438
11-06-2021,75,77.400002,74.349998,75.75,75.75,10066374
14-06-2021,75.300003,76.300003,74.75,75.300003,75.300003,4866923
15-06-2021,75.099998,76.099998,74.900002,75.550003,75.550003,4163890
16-06-2021,75.900002,78.5,75.300003,77.650002,77.650002,7116853
17-06-2021,77.949997,78.349998,76.550003,77.599998,77.599998,5449727
18-06-2021,78.300003,83.75,77.75,81.050003,81.050003,28937243
21-06-2021,81.5,84.050003,80.400002,83.5,83.5,12615826
22-06-2021,84,84.199997,81.650002,82.599998,82.599998,11001361
23-06-2021,82.650002,84.349998,82.150002,83.75,83.75,7703994
24-06-2021,84.349998,86.599998,84.099998,84.849998,84.849998,14709092
25-06-2021,85.199997,86.150002,83.349998,84.099998,84.099998,15217156
28-06-2021,83.5,83.75,76.650002,77.050003,77.050003,14518857
29-06-2021,76.949997,78.5,76.099998,78.150002,78.150002,8843265
30-06-2021,79.400002,79.400002,76.349998,77.050003,77.050003,9697661
01-07-2021,77.5,78.800003,76.5,78.449997,78.449997,7144574
02-07-2021,78.050003,79.400002,77.400002,78.550003,78.550003,6753009
05-07-2021,78.650002,78.75,74.099998,74.699997,74.699997,10650978
06-07-2021,74.599998,77.800003,74.5,77.550003,77.550003,7752075
07-07-2021,77.449997,78.599998,76.099998,77.400002,77.400002,8344571
08-07-2021,77.5,78.050003,74.400002,74.949997,74.949997,8506491
09-07-2021,75.300003,75.900002,73.199997,73.900002,73.900002,6134692
12-07-2021,74,75.25,73.050003,74.650002,74.650002,8868318
13-07-2021,75,75.5,71.800003,72.400002,72.400002,8461147
14-07-2021,72.5,72.900002,70.050003,70.650002,70.650002,8206191
15-07-2021,70.949997,71.599998,69.400002,69.900002,69.900002,7779410
16-07-2021,70,73.5,69.5,70.150002,70.150002,11517415
19-07-2021,70.150002,71.699997,68.699997,70.400002,70.400002,9238304
20-07-2021,70.699997,70.900002,66.650002,67,67,9757170
22-07-2021,67,68.25,66.25,67.599998,67.599998,7503701
23-07-2021,67.5,67.75,64.699997,65.599998,65.599998,9233059
26-07-2021,65.099998,66.25,63.599998,64.699997,64.699997,10827678
27-07-2021,63.700001,65.900002,61.900002,64.949997,64.949997,14495829
28-07-2021,64.5,66.650002,64,65.550003,65.550003,9534242
29-07-2021,65.5,66.699997,63,63.549999,63.549999,11784798
30-07-2021,63.549999,64.900002,61.799999,64.349998,64.349998,14868207
02-08-2021,64.75,65.849998,63.75,64.75,64.75,8938472
03-08-2021,64.550003,65.5,62.599998,62.950001,62.950001,6934344
04-08-2021,63.25,64.300003,62.700001,63.150002,63.150002,7329705
05-08-2021,63,65.099998,62.25,64.349998,64.349998,8615614
06-08-2021,65.150002,65.25,63.5,64.150002,64.150002,6658503
09-08-2021,64.300003,64.449997,61.349998,61.75,61.75,9159600
10-08-2021,61.5,62.25,59.5,60.25,60.25,8620741
11-08-2021,60.099998,60.75,58,58.549999,58.549999,7526923
12-08-2021,58,59.950001,57.599998,59.400002,59.400002,8302965
13-08-2021,62,62.799999,59.299999,61.450001,61.450001,10644199
16-08-2021,62.299999,64.849998,61.549999,62.650002,62.650002,19468560
17-08-2021,62.900002,63.450001,59.799999,60.299999,60.299999,9706964
18-08-2021,59.900002,60.700001,58.5,59.650002,59.650002,6468842
20-08-2021,60,60.400002,57.599998,58.849998,58.849998,14455985
23-08-2021,59.75,59.75,51.799999,53.599998,53.599998,20506863
24-08-2021,53.299999,54.75,52.400002,53.700001,53.700001,13706474
25-08-2021,54,54.849998,53.150002,54.549999,54.549999,10457052
26-08-2021,54.799999,55.900002,54.200001,55.099998,55.099998,8495003
27-08-2021,55.299999,56.799999,54.400002,56.299999,56.299999,8513587
30-08-2021,56.450001,59.950001,56.299999,59.700001,59.700001,10448953
31-08-2021,60,60.299999,58.650002,59.150002,59.150002,9794065
01-09-2021,59.25,59.75,56.349998,59.349998,59.349998,13274094
02-09-2021,59,60.25,58.099998,59.150002,59.150002,7070515
03-09-2021,59.150002,59.599998,56,56.25,56.25,8183109
06-09-2021,56.799999,57.75,56.5,56.799999,56.799999,7245736
07-09-2021,56.900002,57,54.5,55.5,55.5,8260037
08-09-2021,55.599998,60.349998,54.25,59.5,59.5,18547210
09-09-2021,60.549999,61.950001,57.799999,61.049999,61.049999,12395820
13-09-2021,61.349998,61.400002,59.099998,59.900002,59.900002,7216136
14-09-2021,59.5,59.5,55.75,56.349998,56.349998,9728056
15-09-2021,56.599998,59,56.150002,56.549999,56.549999,13245454
16-09-2021,56.650002,57.099998,55.049999,55.900002,55.900002,9577332
17-09-2021,55.900002,55.950001,52.049999,52.799999,52.799999,11455902
20-09-2021,53.099998,53.799999,48.950001,50.900002,50.900002,13418964
21-09-2021,50.900002,52.400002,49.900002,51.5,51.5,10569763
22-09-2021,51.849998,52.349998,50.099998,50.450001,50.450001,10025246
23-09-2021,50.700001,50.799999,49.150002,49.599998,49.599998,8126968
24-09-2021,49.599998,51.599998,48.25,51.150002,51.150002,11764776
27-09-2021,50.900002,51,48.799999,49.099998,49.099998,9014951
28-09-2021,49.349998,49.950001,48.099998,49,49,11489853
29-09-2021,49.150002,51.150002,49.049999,49.5,49.5,11389521
30-09-2021,49.700001,50.349998,48.799999,50.099998,50.099998,7995735
01-10-2021,50.099998,51.299999,49.5,50.25,50.25,8675787
04-10-2021,50.200001,52.5,49.799999,52.200001,52.200001,9455141
05-10-2021,52,53.849998,51.700001,52.099998,52.099998,14907810
06-10-2021,52.099998,54.549999,51.5,52.599998,52.599998,10565637
07-10-2021,52.799999,54.099998,51.75,53.700001,53.700001,10388752
08-10-2021,54,54.349998,50.5,51.450001,51.450001,13677523
11-10-2021,51,53.75,50.75,53.450001,53.450001,13422215
12-10-2021,null,null,null,null,null,null
13-10-2021,53.299999,55.650002,52.900002,54.25,54.25,9962696
14-10-2021,54.450001,57.549999,53.799999,57.099998,57.099998,13854280
18-10-2021,57.450001,58.400002,56.450001,57.349998,57.349998,12628217
19-10-2021,57.349998,59.900002,57,58.900002,58.900002,12440737
20-10-2021,58.799999,59.900002,57.900002,58.75,58.75,10931475
21-10-2021,59.099998,59.5,56.950001,57.200001,57.200001,10776611
22-10-2021,57.049999,58.049999,56.200001,57.299999,57.299999,8444342
25-10-2021,57.299999,58.049999,55.5,55.849998,55.849998,8015791
26-10-2021,56.150002,56.150002,54.400002,54.700001,54.700001,8975315
27-10-2021,54.299999,55.599998,53.799999,55.200001,55.200001,7557199
28-10-2021,55.049999,55.599998,52.400002,52.75,52.75,8501076
29-10-2021,53,54.049999,50.849998,52.299999,52.299999,13374384
01-11-2021,51.599998,54.900002,51.099998,53.549999,53.549999,31377345
02-11-2021,53.549999,55,53.549999,54.75,54.75,12085747
03-11-2021,54.950001,60,54.799999,58.950001,58.950001,29201112
04-11-2021,60.049999,60.650002,57.599998,58.349998,58.349998,19180548
08-11-2021,58.299999,59.099998,57.349998,57.549999,57.549999,8633849
09-11-2021,57.599998,58.099998,56.549999,56.849998,56.849998,8218088
10-11-2021,56.849998,58.299999,56.700001,57.950001,57.950001,9047151
11-11-2021,58.25,59.200001,56.650002,57.5,57.5,12012502
12-11-2021,57.5,59.150002,57,58.599998,58.599998,8516049
15-11-2021,59.049999,65.199997,58.799999,64.800003,64.800003,32833625
16-11-2021,64.849998,65.800003,62.400002,63.049999,63.049999,17402732
17-11-2021,63.700001,63.700001,62.099998,62.349998,62.349998,9957637
18-11-2021,62.150002,62.599998,58.799999,59.200001,59.200001,12732434
22-11-2021,58.799999,61,58,59.700001,59.700001,20739104
23-11-2021,60,60.650002,57.650002,58.150002,58.150002,14512861
24-11-2021,58.5,58.799999,54.549999,54.950001,54.950001,14879906
25-11-2021,54.950001,56.849998,54.450001,55.599998,55.599998,12906205
26-11-2021,55.599998,56,53.700001,53.950001,53.950001,11951873
29-11-2021,53.849998,55.150002,53.200001,54.400002,54.400002,11382369
30-11-2021,54.799999,56.400002,54.549999,55.799999,55.799999,12161750
01-12-2021,56.200001,59.950001,56.150002,59.599998,59.599998,21625185
02-12-2021,60.299999,60.450001,58,58.25,58.25,12774931
03-12-2021,58.599998,59.200001,57.799999,58.25,58.25,11766184
06-12-2021,58,58.200001,55.650002,56.549999,56.549999,14025723
07-12-2021,56.599998,57.450001,55.799999,56.849998,56.849998,11685641
08-12-2021,57.099998,59.849998,56.849998,59.150002,59.150002,21863110
09-12-2021,59,60.099998,57.650002,58.450001,58.450001,14498096
10-12-2021,58.700001,59.349998,58,58.349998,58.349998,12033545
13-12-2021,58.349998,58.5,54,54.450001,54.450001,26846326
14-12-2021,54.900002,56.349998,54.75,55.5,55.5,14585338
15-12-2021,55.400002,55.450001,54.349998,55,55,7345559
16-12-2021,54.900002,55.25,54.5,54.799999,54.799999,6146968
17-12-2021,55.049999,55.599998,54.150002,54.549999,54.549999,4807629
20-12-2021,54.450001,55.450001,54.450001,55.150002,55.150002,5754393
21-12-2021,55.099998,55.5,54.349998,54.75,54.75,5525524
22-12-2021,54.150002,54.299999,52.799999,52.950001,52.950001,5204531
23-12-2021,53.599998,54.299999,52.25,52.700001,52.700001,5527537
24-12-2021,51.900002,52.599998,51,51.950001,51.950001,4490512
27-12-2021,52.900002,53.400002,52.25,52.549999,52.549999,5088100
28-12-2021,52.450001,53.450001,52.299999,52.650002,52.650002,4761614
29-12-2021,53.299999,53.299999,52.150002,52.549999,52.549999,3714041
30-12-2021,52.25,52.950001,51.849998,52.5,52.5,3239557
31-12-2021,52.5,52.900002,52.200001,52.650002,52.650002,2829991
03-01-2022,52.799999,53.150002,52.400002,52.75,52.75,3704771
04-01-2022,52.5,53.099998,52.200001,52.599998,52.599998,3655362
05-01-2022,52.75,52.849998,51.599998,52,52,2391889
06-01-2022,51.799999,52.299999,51.5,51.75,51.75,2308022
07-01-2022,52,52.200001,51.299999,51.5,51.5,1736721
10-01-2022,51.5,52.849998,51.349998,52.400002,52.400002,3343402
11-01-2022,52.400002,53,52.150002,52.349998,52.349998,2862184
12-01-2022,52,52.349998,51.599998,51.849998,51.849998,1991306
13-01-2022,51.900002,52.099998,51,51.5,51.5,2011311
14-01-2022,51.799999,51.950001,51.200001,51.5,51.5,1710263
17-01-2022,51.25,51.5,50.200001,50.599998,50.599998,1971860
18-01-2022,50.900002,51.400002,49.099998,49.900002,49.900002,2160583
19-01-2022,48.25,48.900002,47.349998,47.650002,47.650002,2917775
20-01-2022,47.900002,48.400002,47.5,48,48,2484469
21-01-2022,48.200001,48.700001,48,48.5,48.5,1708093
24-01-2022,48.5,50.650002,48.450001,49,49,4266040
25-01-2022,49.25,49.5,48.549999,48.950001,48.950001,2122619
27-01-2022,49,52.400002,47.650002,50.950001,50.950001,6161761
28-01-2022,51.900002,51.900002,49.200001,49.75,49.75,5602045
31-01-2022,49.700001,50.099998,48.549999,48.799999,48.799999,2404887
01-02-2022,48.599998,49.400002,48,48.450001,48.450001,2720671
02-02-2022,48.450001,48.900002,47.400002,47.75,47.75,2627577
03-02-2022,47.75,47.75,46.549999,46.75,46.75,2161371
04-02-2022,46.5,46.799999,40.049999,43.25,43.25,5665324
07-02-2022,43.5,44.400002,43.200001,44.200001,44.200001,2615042
08-02-2022,43.900002,44.799999,43.700001,44.200001,44.200001,2389438
09-02-2022,43.049999,43.700001,41.5,42.200001,42.200001,2115016
10-02-2022,42.450001,42.650002,41.549999,42.150002,42.150002,2322554
11-02-2022,41.900002,42.299999,41,41.299999,41.299999,2347752
14-02-2022,41.299999,41.299999,40.200001,40.400002,40.400002,2026301
15-02-2022,38.549999,39.400002,36.799999,37.150002,37.150002,3523901
16-02-2022,38,38.150002,36.099998,36.349998,36.349998,2675507
17-02-2022,36.700001,36.75,35.049999,36.299999,36.299999,3306566
18-02-2022,36.299999,38.75,35.349998,36.400002,36.400002,6454043
21-02-2022,36.099998,40,36.099998,39.5,39.5,9531514
22-02-2022,37.049999,38.700001,36.299999,36.700001,36.700001,4572495
23-02-2022,35.950001,35.950001,33.549999,33.849998,33.849998,3611725
24-02-2022,34,34.5,32.5,32.900002,32.900002,3551512
25-02-2022,30.200001,31.5,28.799999,29.049999,29.049999,4209114
28-02-2022,26.299999,31.6,24.4,31,31,6204887
02-03-2022,29.700001,30.049999,28.549999,29.65,29.65,2676456
03-03-2022,30,31.1,29,29.700001,29.700001,3188890
04-03-2022,30.9,30.9,28.6,29.549999,29.549999,3016227
07-03-2022,28.4,30.4,27.6,28.85,28.85,3077729
08-03-2022,29.1,29.9,28.6,29.15,29.15,4874763
09-03-2022,27.15,28,25.1,25.799999,25.799999,2375651
10-03-2022,27.299999,27.700001,25.25,27.4,27.4,2360676
11-03-2022,26.5,27.35,26.200001,26.85,26.85,1669507
14-03-2022,27.1,29.25,26.85,28.200001,28.200001,2454484
15-03-2022,30,30.799999,28.1,29.049999,29.049999,3370786
16-03-2022,28.85,28.85,27.6,28.35,28.35,1864682
17-03-2022,29.65,29.75,28.4,28.700001,28.700001,1764146
21-03-2022,29.200001,29.4,28.549999,28.75,28.75,1772834
22-03-2022,29,29.15,28.1,28.6,28.6,1378652
23-03-2022,29.75,29.75,28.799999,29,29,1885650
24-03-2022,28.799999,30.4,28.549999,29,29,2628257
25-03-2022,29.15,29.6,28.75,28.799999,28.799999,3963000
28-03-2022,28.9,28.9,28.200001,28.35,28.35,1782834
29-03-2022,28.35,29.6,28.35,28.950001,28.950001,4087115
30-03-2022,28.85,29.6,28.4,29.299999,29.299999,3600789
31-03-2022,30.200001,30.4,28.950001,29.1,29.1,4092763
01-04-2022,29.15,30.299999,29.049999,29.5,29.5,11500241
04-04-2022,29,29.049999,28,28.15,28.15,4159450
05-04-2022,28.15,28.75,28,28.450001,28.450001,4383029
06-04-2022,28.450001,28.799999,28.299999,28.4,28.4,2417157
07-04-2022,28,28.299999,27.6,27.65,27.65,3189565
08-04-2022,27.799999,27.950001,27.35,27.450001,27.450001,5446987
11-04-2022,27.5,27.6,26.6,26.799999,26.799999,6274030
12-04-2022,27,27.35,26.700001,27.049999,27.049999,4322727
13-04-2022,27.4,27.75,27.15,27.25,27.25,4760552
18-04-2022,26.549999,26.75,26,26.1,26.1,3334752
19-04-2022,26.5,26.5,25.450001,25.5,25.5,3831287
20-04-2022,25.6,25.65,24.4,24.5,24.5,5048379
21-04-2022,24.5,24.75,24.049999,24.1,24.1,4227682
22-04-2022,24.25,24.450001,23.6,23.799999,23.799999,2897417
25-04-2022,24,24.1,23.6,23.85,23.85,2550388
26-04-2022,23.549999,24.1,23.25,23.950001,23.950001,2397272
27-04-2022,25.75,25.75,24.4,25.1,25.1,7005233
28-04-2022,25,25.299999,24.700001,24.85,24.85,2628947
29-04-2022,24.85,24.950001,24.299999,24.700001,24.700001,3201505
02-05-2022,24.700001,24.700001,23.200001,23.6,23.6,4069503
04-05-2022,23.65,23.85,22.799999,22.9,22.9,3836156
05-05-2022,22.9,23.200001,22.65,23,23,2250707
06-05-2022,23,23.6,22.9,23.200001,23.200001,2766730
09-05-2022,23.200001,23.6,22.65,22.85,22.85,3421837
10-05-2022,23.049999,23.25,22.85,22.9,22.9,1495192
11-05-2022,22.9,23.5,22.65,23.25,23.25,3265393
12-05-2022,23.299999,24,23.299999,23.4,23.4,2766110
13-05-2022,23.299999,23.799999,23.15,23.65,23.65,2463870
16-05-2022,24.049999,25.9,24,25.5,25.5,6981967
17-05-2022,25.5,25.85,25.15,25.65,25.65,3592260
18-05-2022,26,28.85,26,27.9,27.9,14205413
19-05-2022,28,30.5,28,29.15,29.15,13887365
20-05-2022,30,30.6,29.4,30.35,30.35,8522437
23-05-2022,31.299999,31.700001,29.299999,29.549999,29.549999,9682131
24-05-2022,29.799999,30.299999,28.049999,28.4,28.4,8140153
25-05-2022,28.65,29.700001,28.35,29.299999,29.299999,5551984
26-05-2022,29.5,29.65,28.549999,28.75,28.75,6408707
27-05-2022,27.549999,28.799999,27.1,28.65,28.65,4618964
30-05-2022,28.65,29.950001,28.15,29.25,29.25,8309644
31-05-2022,30.15,30.4,27.85,28.9,28.9,6255832
01-06-2022,28.85,29.25,28.1,29,29,4026677
02-06-2022,28.950001,29.65,28.9,29.4,29.4,3798169
03-06-2022,29.799999,31.700001,29.299999,30.700001,30.700001,14607168
06-06-2022,31,33.299999,31,32.799999,32.799999,15635325
07-06-2022,33.849998,36.549999,33.5,35.950001,35.950001,24991472
08-06-2022,36.5,36.5,32.299999,32.900002,32.900002,23197023
09-06-2022,32.650002,33.5,31.799999,33.299999,33.299999,6228569
10-06-2022,33.799999,35.400002,33.25,33.849998,33.849998,6842752
13-06-2022,33.549999,33.549999,32.349998,32.75,32.75,4223319
14-06-2022,33.049999,33.299999,31.700001,31.799999,31.799999,3493404
15-06-2022,32,32.599998,31.549999,32.5,32.5,4275027
16-06-2022,32.5,32.950001,32.099998,32.400002,32.400002,3526830
17-06-2022,32.700001,32.75,32,32.049999,32.049999,2757251
20-06-2022,32.349998,32.5,32.099998,32.200001,32.200001,2888852
21-06-2022,32.400002,32.400002,32,32.150002,32.150002,2295839
22-06-2022,32.299999,34,32.150002,32.5,32.5,13531643
23-06-2022,32.799999,33.150002,32.5,32.700001,32.700001,3649853
24-06-2022,32.5,32.599998,31.75,32.049999,32.049999,3550490
27-06-2022,32.099998,32.450001,31.35,31.549999,31.549999,2943667
28-06-2022,31.200001,31.4,30.25,30.450001,30.450001,3246712
29-06-2022,30.700001,31,30.1,30.15,30.15,2398475
30-06-2022,30.15,30.200001,29.6,29.9,29.9,2581989
01-07-2022,29.9,31.65,29.75,31.299999,31.299999,4796816
04-07-2022,31.549999,31.700001,30.85,31.049999,31.049999,4122366
05-07-2022,31.65,31.85,31,31.15,31.15,2655547
06-07-2022,31.25,31.35,30.549999,30.799999,30.799999,2256504
07-07-2022,30.75,31.25,30.6,30.85,30.85,2760242
08-07-2022,30.700001,30.75,30.299999,30.549999,30.549999,2084425
11-07-2022,30.4,30.549999,29.5,29.549999,29.549999,3252249
12-07-2022,29.5,29.85,28.9,29.200001,29.200001,2759742
13-07-2022,29.5,30.450001,29.200001,29.700001,29.700001,4300467
14-07-2022,30,30.1,29.15,29.299999,29.299999,2010269
15-07-2022,29,29.35,28.799999,29,29,2359190
18-07-2022,29,29.4,28.9,29.049999,29.049999,2520814
19-07-2022,29.4,29.4,29,29.1,29.1,1649935
20-07-2022,29.15,30.1,29.1,29.450001,29.450001,2796376
21-07-2022,29.4,29.700001,29.1,29.4,29.4,2329028
22-07-2022,29.25,29.6,29.049999,29.4,29.4,2388288
25-07-2022,29.5,29.799999,29.299999,29.5,29.5,1664354
26-07-2022,29.700001,31,29.25,30.700001,30.700001,6911725
27-07-2022,31.799999,31.799999,30.700001,30.85,30.85,12782399
28-07-2022,30.950001,31.1,30.200001,30.25,30.25,3301370
29-07-2022,30.4,30.4,29.299999,29.5,29.5,3342798
01-08-2022,29.6,29.950001,29.1,29.35,29.35,3174028
02-08-2022,29.549999,29.549999,29.25,29.4,29.4,2600180
03-08-2022,29.6,30.15,29.6,29.9,29.9,5537764
04-08-2022,29.85,30.15,29.549999,29.9,29.9,3400627
05-08-2022,30.200001,30.9,30.15,30.450001,30.450001,6899257
08-08-2022,31.799999,32.200001,30.799999,30.9,30.9,13938959
10-08-2022,31,31.15,30.5,30.549999,30.549999,5621927
11-08-2022,30.5,30.700001,30.35,30.5,30.5,3000489
12-08-2022,30.5,30.950001,30.5,30.549999,30.549999,3868068
16-08-2022,30.75,31.85,30.6,31.4,31.4,13615067
17-08-2022,32.450001,32.450001,30,30.200001,30.200001,9254039
18-08-2022,30.15,30.4,29.25,29.9,29.9,4425447
19-08-2022,29.9,29.950001,29.35,29.6,29.6,2558654
22-08-2022,29.65,30,29.5,29.75,29.75,1956816
23-08-2022,29.299999,29.6,29.049999,29.35,29.35,2488925
24-08-2022,29.25,29.4,28.85,28.950001,28.950001,2554911
25-08-2022,29.049999,29.1,28.65,28.75,28.75,1536880
26-08-2022,28.1,28.5,27.85,28.25,28.25,1994113
29-08-2022,28.35,29.15,28.35,28.799999,28.799999,2103326
30-08-2022,28.799999,29.15,28.4,28.65,28.65,2030705
01-09-2022,28.700001,28.950001,28.5,28.6,28.6,2105705
02-09-2022,28.9,28.9,27.799999,28.15,28.15,2724141
05-09-2022,28.200001,28.35,27.299999,27.9,27.9,2894231
06-09-2022,27.75,27.799999,27.200001,27.5,27.5,2489430
07-09-2022,27.65,27.700001,26.65,26.85,26.85,4313508
08-09-2022,26.85,27.950001,25.700001,26.049999,26.049999,6731905
09-09-2022,26,26.200001,24.950001,25.5,25.5,4098199
12-09-2022,25.549999,25.9,24.950001,25.15,25.15,2912368
13-09-2022,25,25.049999,24.549999,24.85,24.85,2209015
14-09-2022,24.85,24.85,23.65,24.25,24.25,8063214
15-09-2022,24.5,24.950001,24.25,24.799999,24.799999,4283956
16-09-2022,24.950001,25.299999,24.450001,24.700001,24.700001,2378567
19-09-2022,24.700001,24.700001,24.299999,24.35,24.35,1622254
20-09-2022,24.4,24.85,23.9,24.25,24.25,2583274
21-09-2022,24.5,25.049999,24.35,24.549999,24.549999,2170845
22-09-2022,24.6,24.75,24.35,24.450001,24.450001,1386792
23-09-2022,24.5,24.6,24.200001,24.35,24.35,1337626
26-09-2022,24.5,24.85,24.35,24.450001,24.450001,3341770
27-09-2022,24.549999,25,24.200001,24.9,24.9,3820599
28-09-2022,25.1,25.65,24.799999,24.9,24.9,2125431
29-09-2022,24.85,24.950001,24.15,24.25,24.25,1850280
30-09-2022,24.4,24.4,23.9,24.1,24.1,4388115
03-10-2022,24.1,24.299999,23.299999,23.4,23.4,3905520
04-10-2022,23.549999,23.75,23.1,23.25,23.25,2538978
06-10-2022,23.4,23.950001,23.25,23.799999,23.799999,3254527
07-10-2022,23.85,23.85,23.450001,23.549999,23.549999,1722272
10-10-2022,23.6,24.6,23.6,24.4,24.4,4188208
11-10-2022,24.1,24.35,24,24.15,24.15,1758051
12-10-2022,24.200001,24.5,24.049999,24.35,24.35,1200783
13-10-2022,24.35,24.75,24.15,24.299999,24.299999,1367337
14-10-2022,24.299999,24.35,23.9,24,24,1285814
17-10-2022,23.950001,24.25,23.75,23.85,23.85,2804362
18-10-2022,24,24,23.450001,23.6,23.6,1750345
19-10-2022,23.6,24.25,23.5,24.049999,24.049999,1331467
20-10-2022,24.1,24.65,23.799999,23.950001,23.950001,4090621
21-10-2022,24.4,24.4,23.65,23.85,23.85,3249018
24-10-2022,23.950001,24.15,23.6,23.799999,23.799999,2411301
25-10-2022,24,24.299999,23.9,24.1,24.1,2921335
27-10-2022,24.5,24.65,24.25,24.5,24.5,4706645
28-10-2022,25.200001,25.450001,24.700001,24.85,24.85,5102910
31-10-2022,25.200001,25.25,24.799999,25.15,25.15,5218662
01-11-2022,25.15,25.6,24.85,24.950001,24.950001,4427176
02-11-2022,24.85,25.15,24.700001,24.75,24.75,2966687
03-11-2022,24.5,24.799999,24.450001,24.700001,24.700001,2719941
04-11-2022,null,null,null,null,null,null
07-11-2022,25,25.200001,24.85,24.9,24.9,3785057
09-11-2022,24.85,25.75,24.85,25.65,25.65,5456921
10-11-2022,25.450001,25.75,25.200001,25.25,25.25,3752436
11-11-2022,25.299999,25.75,25.200001,25.549999,25.549999,4671815
14-11-2022,25.85,25.950001,25.450001,25.6,25.6,3738338
15-11-2022,25.700001,25.85,25.6,25.700001,25.700001,2435588
16-11-2022,26,27.15,26,26.700001,26.700001,12786008
17-11-2022,26.950001,27.35,26.65,27.25,27.25,7434235
18-11-2022,27.450001,28.200001,27.299999,28,28,9118979
21-11-2022,28.299999,29.25,28.25,28.9,28.9,10355127
22-11-2022,29.25,29.75,29,29.4,29.4,10974145
23-11-2022,29.6,31.25,29.6,30.950001,30.950001,14547960
24-11-2022,31.450001,31.950001,30.049999,31.15,31.15,15159912
25-11-2022,31.25,31.6,31,31.299999,31.299999,8100266
28-11-2022,31.549999,34.200001,31.200001,33.849998,33.849998,33110725
29-11-2022,34.599998,35.299999,33.700001,33.950001,33.950001,24187588
30-11-2022,34,34,32.200001,32.700001,32.700001,10845010
01-12-2022,32.700001,33.849998,32.700001,33.150002,33.150002,10405596
02-12-2022,34.200001,34.5,33.599998,33.849998,33.849998,10476417
05-12-2022,33.849998,33.849998,33.099998,33.5,33.5,6300423
06-12-2022,33.599998,33.849998,32.5,32.799999,32.799999,7712498
07-12-2022,32.700001,32.900002,31.75,31.950001,31.950001,7053911
08-12-2022,31.799999,31.85,30.799999,31.1,31.1,6748710
09-12-2022,30.799999,30.950001,28.200001,28.85,28.85,7917884
12-12-2022,28.5,29.4,27.200001,29.049999,29.049999,11383381
13-12-2022,29,29.799999,28.85,29.65,29.65,5772474
14-12-2022,30,30.35,29.799999,29.9,29.9,5092535
15-12-2022,30.25,30.700001,29.549999,30.5,30.5,4892066
16-12-2022,30.700001,32.900002,30.700001,31.9,31.9,21805127
19-12-2022,32.450001,32.700001,31.4,31.950001,31.950001,9694902
20-12-2022,32.150002,32.25,31.4,31.549999,31.549999,5722932
21-12-2022,31.75,32.200001,31.6,32.099998,32.099998,7888314
22-12-2022,32.599998,32.700001,32.150002,32.400002,32.400002,8265267
23-12-2022,32.200001,32.200001,31.799999,32.049999,32.049999,5789215
26-12-2022,32.349998,32.549999,31.75,31.85,31.85,6726368
27-12-2022,32.150002,32.200001,31.799999,31.9,31.9,3617734
28-12-2022,32.150002,32.299999,31.549999,31.799999,31.799999,5371701
29-12-2022,31.9,32.099998,31.25,31.35,31.35,3954196
30-12-2022,31.200001,33.5,30.799999,33,33,18635584
02-01-2023,33.299999,33.849998,32.299999,33.200001,33.200001,19044455
03-01-2023,33,33.75,32.950001,33.200001,33.200001,10758845
04-01-2023,33.200001,33.599998,32.5,32.599998,32.599998,7652331
05-01-2023,32.799999,32.849998,31.65,31.85,31.85,7137456
06-01-2023,32,32.349998,31.85,32.25,32.25,5091921
09-01-2023,32.299999,32.75,31.9,32.400002,32.400002,6877754
10-01-2023,32.599998,32.75,31.700001,31.85,31.85,5127195
11-01-2023,31.65,31.799999,31.049999,31.1,31.1,3799473
12-01-2023,31.299999,31.6,30.15,30.4,30.4,6960168
13-01-2023,30.4,30.5,29.799999,30.049999,30.049999,5405010
16-01-2023,29.25,30.200001,29.200001,29.5,29.5,5402849
17-01-2023,29.9,31.549999,29.75,31.049999,31.049999,10458436
18-01-2023,31.700001,32.450001,31.1,32.299999,32.299999,14589144
19-01-2023,32.849998,34.099998,32.599998,33.049999,33.049999,21319402
20-01-2023,33.099998,34,32.5,33.650002,33.650002,13633258
23-01-2023,33.599998,34.900002,33.200001,34.549999,34.549999,29593973
24-01-2023,35,36.299999,34.599998,34.799999,34.799999,28208919
25-01-2023,35.099998,35.400002,33.900002,34,34,10724204
27-01-2023,34.099998,34.650002,33.200001,33.75,33.75,12277388
30-01-2023,33.599998,34.099998,33.400002,33.650002,33.650002,7365678
31-01-2023,33.75,33.950001,33.200001,33.349998,33.349998,4448100
01-02-2023,33.599998,33.650002,33.099998,33.200001,33.200001,5970660
02-02-2023,33.5,33.900002,33.450001,33.5,33.5,4427760
03-02-2023,33.900002,35.799999,33.849998,34.599998,34.599998,25511054
06-02-2023,34.450001,38.900002,34.200001,38.099998,38.099998,92510035
07-02-2023,39,45.25,38.950001,42.049999,42.049999,131622894
08-02-2023,43.25,44.799999,38.25,40.5,40.5,87411108
09-02-2023,41.200001,41.299999,38.599998,39.349998,39.349998,34109719
10-02-2023,39.700001,40.200001,38.5,38.75,38.75,15295831
13-02-2023,39.25,41.950001,39,40.900002,40.900002,16721715
14-02-2023,42,42.349998,41.200001,41.450001,41.450001,12861968
15-02-2023,40.5,41,39.5,40.599998,40.599998,15119160
16-02-2023,41,41.450001,39.900002,40.049999,40.049999,8184972
17-02-2023,40.700001,40.950001,38.450001,38.799999,38.799999,11101042
20-02-2023,39.349998,40.25,39.099998,39.849998,39.849998,11721736
21-02-2023,39.5,40.5,39.150002,39.349998,39.349998,11929161
22-02-2023,39.400002,39.650002,38.049999,38.299999,38.299999,7786621
23-02-2023,39,40.25,37.900002,38.150002,38.150002,13043072
24-02-2023,38.5,38.849998,37.099998,37.549999,37.549999,9191895
27-02-2023,37.849998,38.200001,37.349998,37.849998,37.849998,6086552
28-02-2023,38.400002,38.700001,37.200001,37.650002,37.650002,5457089
01-03-2023,38,38,36.5,36.950001,36.950001,5748714
02-03-2023,37.150002,37.450001,36.299999,36.450001,36.450001,5224025
03-03-2023,36.5,36.799999,35,35.150002,35.150002,6167404
06-03-2023,36,36,34.5,35.150002,35.150002,7160984
08-03-2023,35,35.450001,33.349998,35.25,35.25,9732622
09-03-2023,35.400002,35.650002,34.25,34.450001,34.450001,6092177
10-03-2023,34.549999,36.349998,34.5,36,36,13824873
13-03-2023,36.099998,36.400002,34.700001,34.900002,34.900002,11543282
14-03-2023,35.099998,36.150002,33.400002,34.650002,34.650002,12629346
15-03-2023,35.450001,35.450001,33.75,33.900002,33.900002,8127862
16-03-2023,34.049999,34.5,33.599998,34.099998,34.099998,6055616
17-03-2023,34.049999,34.849998,33.849998,34.049999,34.049999,6672972
20-03-2023,34.450001,35.150002,34.200001,34.900002,34.900002,6985406
21-03-2023,34.900002,34.900002,33.599998,34.049999,34.049999,5372465
22-03-2023,34.099998,35.75,33.599998,35.200001,35.200001,7730457
23-03-2023,35.5,37.299999,35.200001,36.799999,36.799999,14379483
24-03-2023,37,37.25,36.400002,36.599998,36.599998,7614938
27-03-2023,36.5,38.599998,36.150002,37.900002,37.900002,17969015
28-03-2023,36.799999,36.849998,33.599998,34.400002,34.400002,12529240
29-03-2023,34.75,35.450001,34.150002,35.099998,35.099998,10176423
31-03-2023,34.400002,35.299999,33.900002,34.400002,34.400002,7823976
03-04-2023,34.75,35.200001,34.299999,34.450001,34.450001,4778514
05-04-2023,33.099998,33.599998,32.299999,32.700001,32.700001,6139194
06-04-2023,33.150002,33.700001,32.400002,32.75,32.75,4953845
10-04-2023,32.599998,32.799999,32.099998,32.450001,32.450001,5748968
11-04-2023,32.150002,33.099998,32.150002,32.700001,32.700001,5194074
12-04-2023,33,33.400002,32.849998,33.049999,33.049999,3839845
13-04-2023,33.299999,34.099998,33.099998,33.849998,33.849998,4821127
17-04-2023,33.900002,34.599998,33.650002,34.400002,34.400002,6550334
18-04-2023,34.549999,35.25,33.849998,34.75,34.75,9986393
19-04-2023,34.5,35.799999,33.599998,34.200001,34.200001,9469425
20-04-2023,33.799999,34.25,33.5,34,34,4779065
21-04-2023,34.450001,36.599998,34.099998,35.599998,35.599998,21288497
24-04-2023,36.450001,37.150002,36,36.5,36.5,11966528
25-04-2023,36.599998,37,35.200001,36,36,6759713
26-04-2023,36.200001,36.549999,34.450001,34.549999,34.549999,13763202
27-04-2023,34.75,35.450001,34.349998,34.5,34.5,11446516
28-04-2023,34.200001,35.599998,34,35.299999,35.299999,9016234
02-05-2023,35.400002,38.400002,35.349998,37.25,37.25,33685337
03-05-2023,37.849998,39.400002,37,37.400002,37.400002,30858002
04-05-2023,37.400002,38.400002,37.400002,37.950001,37.950001,12041494
05-05-2023,37.900002,38.299999,36.650002,36.799999,36.799999,17880726
08-05-2023,36.950001,37.299999,36.549999,36.650002,36.650002,9419693
09-05-2023,37,37.25,36.450001,36.849998,36.849998,9001466
10-05-2023,37.400002,37.700001,37.049999,37.400002,37.400002,12277264
11-05-2023,38,38.849998,38,38.400002,38.400002,16912282
12-05-2023,37,37.099998,34.799999,35,35,98571030
15-05-2023,35.400002,35.650002,34,34.099998,34.099998,49082363
16-05-2023,34.099998,34.799999,33.849998,33.950001,33.950001,44879762
17-05-2023,34.5,34.900002,34.150002,34.349998,34.349998,28013917
18-05-2023,34.799999,35,34.349998,34.700001,34.700001,21104866
19-05-2023,34.849998,34.950001,34.200001,34.349998,34.349998,13024994
22-05-2023,34.349998,35.450001,34.200001,35.25,35.25,26505584
23-05-2023,35.5,35.799999,35.349998,35.400002,35.400002,20258579
24-05-2023,35.400002,35.650002,35.099998,35.450001,35.450001,19102745
